{
  "version": 1,
  "width": 208,
  "height": 52,
  "duration": 30.014206,
  "command": null,
  "title": null,
  "env": {
    "TERM": "xterm-256color",
    "SHELL": "/bin/zsh"
  },
  "stdout": [
    [
      0.955097,
      "\u001b]1337;RemoteHost=idanshahar@Idans-MacBook-Pro.local\u0007\u001b]1337;CurrentDir=/Users/idanshahar/sandbox/Meetups/KubernetesCodeComponents\u0007\u001b]1337;ShellIntegrationVersion=5;shell=zsh\u0007"
    ],
    [
      0.003375,
      "\u001b[1m\u001b[7m%\u001b[27m\u001b[1m\u001b[0m                                                                                                                                                                                                               \r \r"
    ],
    [
      0.0001,
      "\u001b]2;idanshahar@Idans-MacBook-Pro: ~/sandbox/Meetups/KubernetesCodeComponents\u0007"
    ],
    [
      2e-05,
      "\u001b]1;..odeComponents\u0007"
    ],
    [
      7.7e-05,
      "\u001b]133;D;0\u0007"
    ],
    [
      3.9e-05,
      "\u001b]1337;RemoteHost=idanshahar@Idans-MacBook-Pro.local\u0007\u001b]1337;CurrentDir=/Users/idanshahar/sandbox/Meetups/KubernetesCodeComponents\u0007"
    ],
    [
      0.095946,
      "\r\u001b[0m\u001b[27m\u001b[24m\u001b[J\u001b]133;A\u0007\u001b[39m\u001b[0m\u001b[49m\u001b[40m\u001b[39m idanshahar@Idans-MacBook-Pro \u001b[44m\u001b[30m\u001b[30m ~/sandbox/Meetups/KubernetesCodeComponents \u001b[43m\u001b[34m\u001b[30m  master ● \u001b[49m\u001b[33m\u001b[39m \u001b]133;B\u0007\u001b[K"
    ],
    [
      0.000153,
      "\u001b[?1h\u001b="
    ],
    [
      2.1e-05,
      "\u001b[?2004h"
    ],
    [
      1.0,
      "k"
    ],
    [
      0.191136,
      "\bku"
    ],
    [
      0.12799,
      "b"
    ],
    [
      0.084329,
      "e"
    ],
    [
      0.205665,
      "c"
    ],
    [
      0.360007,
      "t"
    ],
    [
      0.169461,
      "l"
    ],
    [
      0.276482,
      " "
    ],
    [
      0.260784,
      "g"
    ],
    [
      0.088195,
      "e"
    ],
    [
      0.147932,
      "t"
    ],
    [
      0.119771,
      " "
    ],
    [
      0.215408,
      "p"
    ],
    [
      0.0758,
      "o"
    ],
    [
      0.052084,
      "d"
    ],
    [
      0.072271,
      "s"
    ],
    [
      0.184588,
      "\u001b[?1l\u001b>"
    ],
    [
      4e-05,
      "\u001b[?2004l\r\r\n"
    ],
    [
      0.000992,
      "\u001b]2;kubectl get pods\u0007\u001b]1;kubectl\u0007"
    ],
    [
      0.000105,
      "\u001b]133;C;\u0007"
    ],
    [
      0.730332,
      "NAME                                       READY     STATUS    RESTARTS   AGE\r\nnode-example-javascript-1802202654-75r3r   1/1       Running   0          1h\r\nnode-example-javascript-1802202654-kb8rk   1/1       Running   0          1h\r\n"
    ],
    [
      0.002054,
      "\u001b[1m\u001b[7m%\u001b[27m\u001b[1m\u001b[0m                                                                                                                                                                                                               \r \r"
    ],
    [
      0.000124,
      "\u001b]2;idanshahar@Idans-MacBook-Pro: ~/sandbox/Meetups/KubernetesCodeComponents\u0007\u001b]1;..odeComponents\u0007"
    ],
    [
      9.9e-05,
      "\u001b]133;D;0\u0007\u001b]1337;RemoteHost=idanshahar@Idans-MacBook-Pro.local\u0007\u001b]1337;CurrentDir=/Users/idanshahar/sandbox/Meetups/KubernetesCodeComponents\u0007"
    ],
    [
      0.09801,
      "\r\u001b[0m\u001b[27m\u001b[24m\u001b[J\u001b]133;A\u0007\u001b[39m\u001b[0m\u001b[49m\u001b[40m\u001b[39m idanshahar@Idans-MacBook-Pro \u001b[44m\u001b[30m\u001b[30m ~/sandbox/Meetups/KubernetesCodeComponents \u001b[43m\u001b[34m\u001b[30m  master ● \u001b[49m\u001b[33m\u001b[39m \u001b]133;B\u0007\u001b[K"
    ],
    [
      0.000112,
      "\u001b[?1h\u001b=\u001b[?2004h"
    ],
    [
      1.0,
      "h"
    ],
    [
      0.126105,
      "\bhe"
    ],
    [
      0.161837,
      "l"
    ],
    [
      0.210114,
      "m"
    ],
    [
      0.143915,
      " "
    ],
    [
      0.141931,
      "i"
    ],
    [
      0.177902,
      "n"
    ],
    [
      0.09235,
      "s"
    ],
    [
      0.191784,
      "t"
    ],
    [
      0.119889,
      "a"
    ],
    [
      0.116116,
      "l"
    ],
    [
      0.171321,
      "l"
    ],
    [
      0.57646,
      " "
    ],
    [
      0.742157,
      "-"
    ],
    [
      0.142069,
      "-"
    ],
    [
      0.249861,
      "n"
    ],
    [
      0.098021,
      "a"
    ],
    [
      0.15197,
      "m"
    ],
    [
      0.129988,
      "e"
    ],
    [
      0.264901,
      " "
    ],
    [
      0.24178,
      "m"
    ],
    [
      0.247348,
      "y"
    ],
    [
      0.443912,
      "-"
    ],
    [
      0.398848,
      "j"
    ],
    [
      0.108488,
      "e"
    ],
    [
      0.091631,
      "n"
    ],
    [
      0.190166,
      "k"
    ],
    [
      0.160906,
      "i"
    ],
    [
      0.181035,
      "n"
    ],
    [
      0.095973,
      "s"
    ],
    [
      0.10402,
      " "
    ],
    [
      0.63392,
      "-"
    ],
    [
      0.965901,
      "\b \b"
    ],
    [
      0.940971,
      "s"
    ],
    [
      0.204071,
      "t"
    ],
    [
      0.166988,
      "a"
    ],
    [
      0.188092,
      "b"
    ],
    [
      0.110915,
      "l"
    ],
    [
      0.123085,
      "e"
    ],
    [
      0.138887,
      "/"
    ],
    [
      0.620245,
      "j"
    ],
    [
      0.088753,
      "e"
    ],
    [
      0.112079,
      "n"
    ],
    [
      0.185895,
      "k"
    ],
    [
      0.147116,
      "i"
    ],
    [
      0.177828,
      "n"
    ],
    [
      0.102347,
      "s"
    ],
    [
      0.731389,
      "\u001b[?1l\u001b>"
    ],
    [
      3e-05,
      "\u001b[?2004l\r\r\n"
    ],
    [
      0.000973,
      "\u001b]2;helm install --name my-jenkins stable/jenkins\u0007\u001b]1;helm\u0007"
    ],
    [
      2.8e-05,
      "\u001b]133;C;\u0007"
    ],
    [
      1.0,
      "NAME:   my-jenkins\r\n"
    ],
    [
      0.499379,
      "LAST DEPLOYED: Tue Feb 13 14:02:58 2018\r\nNAMESPACE: default\r\nSTATUS: DEPLOYED\r\n\r\n"
    ],
    [
      7.5e-05,
      "RESOURCES:\r\n==> v1/Secret\r\nNAME                TYPE    DATA  AGE\r\nmy-jenkins-jenkins  "
    ],
    [
      0.000103,
      "Opaque  2     1s\r\n\r\n==> v1/ConfigMap\r\nNAME                      DATA  AGE\r\nmy-jenkins-jenkins"
    ],
    [
      6e-05,
      "        3     1s\r\nmy-jenkins-jenkins-tests  1     1s\r\n\r\n==> v1/PersistentVolumeClaim\r\nNAME                STATUS   VOLUME"
    ],
    [
      4.2e-05,
      "   CAPACITY  ACCESS MODES  STORAGECLASS  AGE\r\nmy-jenkins-jenkins  Pending  default  1s\r\n\r\n"
    ],
    [
      7.2e-05,
      "==> v1/Service\r\nNAME        "
    ],
    [
      5.4e-05,
      "              TYPE          CLUSTER-IP    EXTERNAL-IP  PORT(S)         AGE\r\nmy-jenkins-jenkins-agent  ClusterIP     10.0.24.209   <none>       50000/TCP       1s\r\nmy-jenkins-jenkins        "
    ],
    [
      2.9e-05,
      "LoadBalancer  10.0.143.119  <pending>    8080:31744/TCP  1s\r\n\r\n==> v1beta1/Deployment\r\n"
    ],
    [
      2.5e-05,
      "NAME                DESIRED  CURRENT  UP-TO-DATE  AVAILABLE  "
    ],
    [
      3.2e-05,
      "AGE\r\nmy-jenkins-jenkins  1        1        1        "
    ],
    [
      3.2e-05,
      "   0          1s\r\n\r\n==> v1/Pod(related)\r\nNAME"
    ],
    [
      3.4e-05,
      "                                 READY  STATUS   RESTARTS  AGE\r\n"
    ],
    [
      2.6e-05,
      "my-jenkins-jenkins-3228283227-4jtpd  0/1    Pending  0"
    ],
    [
      3.1e-05,
      "         1s\r\n\r\n\r\n"
    ],
    [
      3.7e-05,
